stat,cap
xG_per_90,0.8412354084907334
xA_per_90,0.4594145556774677
xGChain_per_90,1.1914420516850828
