stat,cap
xG_per_90,0.4589147247057358
xA_per_90,0.34654724569727957
xGChain_per_90,0.9127030436666731
